feature,gain,split
st_rank,913.6002533793217,3850
course_3rd_rate,132.23008430586196,12505
course_avg_st,107.25983618129976,5612
course_first_rate,96.6374451861484,9973
tenji_st_sec,81.10671559651382,8361
tenji_rank,32.65757281240076,3466
lane_feat,29.356475787295494,2819
tenji_f_over_sec,29.29098152811639,2947
tenji_is_f,0.7195156652014703,67
st_observed,0.0,0
st_is_f,0.0,0
st_is_late,0.0,0
st_penalized,0.0,0
