{
  "train_range": [
    "20240101",
    "20240229"
  ],
  "test_range": [
    "20240301",
    "20240331"
  ],
  "num_train_rows": 1139040,
  "num_test_rows": 563040,
  "num_test_races": 74,
  "topk": 18,
  "unit_stake": 100,
  "rank_key": "proba",
  "ev_min": 0.0,
  "ev_drop_if_missing_odds": false,
  "p1win_max": 0.4,
  "s18_min": 0.26,
  "one_head_ratio_top18_max": 0.55,
  "min_non1_candidates_top18": 12,
  "exclude_one_head": false,
  "drop_one_after_rank": true,
  "daily_cap": 0,
  "hit_rate": 0.24324324324324326,
  "returns": 52480,
  "total_bet": 97300,
  "roi": 0.5393627954779034,
  "avg_picks_per_race": 13.14864864864865,
  "avg_p1win": 0.20190244707464267,
  "model_path": "data/model_lgbm.txt",
  "picks_path": "data/eval/picks_20240301_20240331_k18_proba_evmin0_0_p1max0_4_s180_26_oh0_55_post_no1.csv"
}