{
  "train_range": [
    "20240101",
    "20240229"
  ],
  "test_range": [
    "20240301",
    "20240331"
  ],
  "num_train_rows": 1139040,
  "num_test_rows": 563040,
  "num_test_races": 4599,
  "topk": 12,
  "unit_stake": 100,
  "rank_key": "proba",
  "ev_min": 0.0,
  "ev_drop_if_missing_odds": false,
  "p1win_max": 1.0,
  "s18_min": 0.0,
  "one_head_ratio_top18_max": 1.0,
  "min_non1_candidates_top18": 0,
  "exclude_one_head": false,
  "drop_one_after_rank": false,
  "daily_cap": 0,
  "hit_rate": 0.4781474233529028,
  "returns": 4026240,
  "total_bet": 5518800,
  "roi": 0.7295499021526419,
  "avg_picks_per_race": 12.0,
  "avg_p1win": 0.46955317466308677,
  "model_path": "data/model_lgbm.txt",
  "picks_path": "data/eval/picks_20240301_20240331_k12_proba_evmin0_0_p1max1_0_s180_0_oh1_0.csv"
}